{"0": {"1": {"weight": 0.024391576577254107}, "2": {"weight": 0.003974947123822921}, "3": {"weight": 0.001590713972949717}, "4": {"weight": 0.0031050579414541634}}, "1": {"2": {"weight": 0.01189638678346326}, "5": {"weight": 0.028444845657705064}, "8": {"weight": 0.0021706927944413644}}, "2": {"4": {"weight": 0.0017043703396166592}, "5": {"weight": 0.006324779988660337}, "7": {"weight": 0.01952618751533951}, "8": {"weight": 0.01435536199221536}, "9": {"weight": 0.0005388801869158585}, "12": {"weight": 0.002389516598930832}}, "3": {"4": {"weight": 0.019999800107438036}, "6": {"weight": 0.01647973907962413}, "9": {"weight": 0.01846998067926587}, "11": {"weight": 0.005558717981451631}}, "4": {"5": {"weight": 0.0013421064653465129}, "6": {"weight": 0.03601782056815727}, "7": {"weight": 0.008459290965972813}, "9": {"weight": 0.013648007304905688}, "10": {"weight": 0.011595556501880303}, "15": {"weight": 0.001157259930676484}}, "5": {"6": {"weight": 0.027234771820999693}, "8": {"weight": 0.004425883668140412}, "9": {"weight": 0.0017954327987408916}, "10": {"weight": 0.020839702809801332}, "12": {"weight": 0.007869595463093225}}, "6": {"7": {"weight": 0.019855404049751228}, "8": {"weight": 0.01350427426075342}, "9": {"weight": 0.0318779351039651}, "10": {"weight": 0.0018460477766757202}}, "7": {"8": {"weight": 0.03521586484457263}, "9": {"weight": 0.02834631790213566}, "10": {"weight": 0.0028013694086369994}, "11": {"weight": 0.028348867984174263}, "12": {"weight": 0.016439735095211783}, "15": {"weight": 0.0024716990846711338}, "17": {"weight": 0.0007021488612879926}}, "8": {"9": {"weight": 0.029288894129291723}, "10": {"weight": 0.030672038509952447}, "11": {"weight": 0.01681766725818164}, "12": {"weight": 0.0035533541486499017}, "15": {"weight": 0.0028781972868216323}}, "9": {"10": {"weight": 0.03583657647402711}, "11": {"weight": 0.0191730130920272}, "13": {"weight": 0.02534799599282882}, "15": {"weight": 0.017143864678441305}, "17": {"weight": 0.010506097829123677}}, "10": {"11": {"weight": 0.016035478203089776}, "12": {"weight": 0.01744153170908676}, "14": {"weight": 0.0054761042156269224}, "20": {"weight": 0.004039108815655729}}, "11": {"12": {"weight": 0.018628029075375294}, "14": {"weight": 0.0022796942628120057}, "15": {"weight": 0.017796723467817355}, "18": {"weight": 0.014184328231800193}, "19": {"weight": 0.005935970305875909}, "20": {"weight": 0.0042917111021389355}}, "12": {"15": {"weight": 0.018572762371194193}}, "13": {"14": {"weight": 0.031206743986813685}, "15": {"weight": 0.009640524233984166}, "18": {"weight": 0.014441691769901819}, "20": {"weight": 0.005107418688782753}, "23": {"weight": 0.0009687918790678714}}, "14": {"16": {"weight": 0.020468704153772152}, "17": {"weight": 0.02615653908392901}, "18": {"weight": 0.026507251866108573}, "20": {"weight": 0.005596737362094414}, "21": {"weight": 0.005204142879527736}, "24": {"weight": 0.0033356072353789555}}, "15": {"16": {"weight": 0.03685608359598401}, "19": {"weight": 0.013905837272189674}, "20": {"weight": 0.01139991053498015}, "22": {"weight": 0.005925908647929729}}, "16": {"17": {"weight": 0.007114413283981196}, "18": {"weight": 0.020721413926020362}}, "17": {"18": {"weight": 0.026145362525628525}, "21": {"weight": 0.027144014878128793}, "24": {"weight": 0.0004660344611957213}}, "18": {"19": {"weight": 0.010537247130898467}, "20": {"weight": 0.031984299960602695}, "21": {"weight": 0.0015111376765116833}, "22": {"weight": 0.022708519289276946}, "23": {"weight": 0.0036352527843512093}}, "19": {"20": {"weight": 0.019568527615312525}, "21": {"weight": 0.01309935408897665}, "24": {"weight": 0.007314041522998632}}, "20": {"21": {"weight": 0.014313463768491219}, "22": {"weight": 0.027034466105159475}, "24": {"weight": 0.0033560291526971027}, "25": {"weight": 0.023102042628145178}, "26": {"weight": 0.0028224345833505345}}, "21": {"22": {"weight": 0.03609409142970863}, "23": {"weight": 0.00472312377933404}, "25": {"weight": 0.02251836386178042}, "26": {"weight": 0.009010740364821551}, "27": {"weight": 0.003545676687825144}}, "22": {"23": {"weight": 0.012154124970643993}, "27": {"weight": 0.004325848116223837}}, "23": {"24": {"weight": 0.03522578231638723}, "26": {"weight": 0.0305113598001324}}, "24": {"25": {"weight": 0.03836369420006054}, "26": {"weight": 0.02423205655211635}, "27": {"weight": 0.018621761292240885}, "28": {"weight": 0.013820779060617445}}, "25": {"26": {"weight": 0.02155108029782078}, "27": {"weight": 0.029112394255100166}, "29": {"weight": 0.021128643085720447}}, "26": {"27": {"weight": 0.0015468389734182852}, "28": {"weight": 0.02198177464545938}}, "27": {"28": {"weight": 0.026450403421306265}, "29": {"weight": 0.026592463844250288}}, "28": {"29": {"weight": 0.021893347607285396}}, "29": {}}